<?xml version="1.0" encoding="UTF-8"?>
<!DOCTYPE mapper
        PUBLIC "-//mybatis.org//DTD Mapper 3.0//EN"
        "http://mybatis.org/dtd/mybatis-3-mapper.dtd">
<mapper namespace="com.mj.jk.mapper.ExamPlaceCourseMapper">
    <resultMap id="rmSelect"
               type="ExamPlaceCourseVo">
        <id property="id" column="id"/>
        <result property="name" column="name"/>
        <result property="price" column="price"/>
        <result property="type" column="type"/>
        <result property="intro" column="intro"/>
        <result property="video" column="video"/>
        <result property="cover" column="cover"/>
        <result property="placeId" column="place_id"/>
        <result property="provinceId" column="province_id"/>
        <result property="cityId" column="city_id"/>
    </resultMap>

    <select id="select"
            resultMap="rmSelect">
        SELECT
            c.id,
            c.name,
            c.price,
            c.type,
            c.intro,
            c.video,
            c.cover,
            c.place_id,
            p.province_id,
            p.city_id
        FROM
            exam_place_course c
            JOIN exam_place p ON c.place_id = p.id
            ${ew.customSqlSegment}
    </select>
</mapper>