<?xml version="1.0" encoding="UTF-8"?>
<!DOCTYPE mapper
        PUBLIC "-//mybatis.org//DTD Mapper 3.0//EN"
        "http://mybatis.org/dtd/mybatis-3-mapper.dtd">
<mapper namespace="com.mj.jk.mapper.SysUserMapper">
    <resultMap id="rmSelectUser"
               type="SysUserDto">
        <id property="id" column="id"/>
        <result property="username" column="username"/>
        <result property="nickname" column="nickname"/>
        <result property="password" column="password"/>
        <result property="loginTime" column="login_time"/>
        <result property="status" column="status"/>
        <collection property="roles" ofType="SysRoleDto">
            <id property="id" column="role_id"/>
            <result property="name" column="role_name"/>
        </collection>
        <collection property="resources" ofType="SysResourceDto">
            <id property="id" column="resource_id"/>
            <result property="permission" column="resource_permission"/>
        </collection>
    </resultMap>

    <select id="selectUser"
            resultMap="rmSelectUser">
        SELECT
            u.id,
            u.username,
            u.password,
            u.nickname,
            u.login_time,
            u.status,
            r.id role_id,
            r.name role_name,
            re.id resource_id,
            re.permission resource_permission
        FROM sys_user u
                 LEFT JOIN sys_user_role ur ON ur.user_id = u.id
                 LEFT JOIN sys_role r ON ur.role_id = r.id
                 LEFT JOIN sys_role_resource rr ON rr.role_id = r.id
                 LEFT JOIN sys_resource re ON re.id = rr.resource_id
        WHERE u.username = #{username}
    </select>
</mapper>