<?xml version="1.0" encoding="UTF-8" ?>
<!DOCTYPE mapper
        PUBLIC "-//mybatis.org//DTD Mapper 3.0//EN"
        "http://mybatis.org/dtd/mybatis-3-mapper.dtd">
<mapper namespace="com.mj.jk.mapper.ExamPlaceCourseMapper">
    <resultMap id="rmSelectPageVos"
               type="ExamPlaceCourseVo">
        <id property="id" column="id"/>
        <result property="name" column="name"/>
        <result property="price" column="price"/>
        <result property="type" column="type"/>
        <result property="placeId" column="place_id"/>
        <result property="provinceId" column="province_id"/>
        <result property="cityId" column="city_id"/>
        <result property="cover" column="cover"/>
    </resultMap>

    <select id="selectPageVos"
            resultMap="rmSelectPageVos">
        SELECT
            c.id,
            c.name,
            c.price,
            c.type,
            c.intro,
            c.place_id,
            c.cover,
            p.province_id,
            p.city_id
        FROM exam_place_course c
            JOIN exam_place p ON p.id = c.place_id
        ${ew.customSqlSegment}
    </select>
</mapper>