<?xml version="1.0" encoding="UTF-8"?>
<config xmlns:xsi='http://www.w3.org/2001/XMLSchema-instance'
        xmlns='http://www.ehcache.org/v3'
        xsi:schemaLocation="http://www.ehcache.org/v3
        http://www.ehcache.org/schema/ehcache-core.xsd">
<!--    <persistence directory="F:/ehcache"/>-->

    <cache-template name="common">
        <key-type>java.lang.Object</key-type>
        <value-type>java.lang.Object</value-type>
        <resources>
            <heap>10000</heap>
<!--            <offheap unit="MB">50</offheap>-->
<!--            <disk unit="GB" persistent="true">1</disk>-->
        </resources>
    </cache-template>

    <!--
       11月1号~11月7号，11月8号过期
       11月6号~11月12号，11月13号过期
       11月12号~11月18号，11月19号过期
       -->

    <!-- 存放token的缓存：只要7天内不访问，就失效 -->
    <cache alias="token" uses-template="common">
        <expiry>
            <tti unit="days">7</tti>
<!--            <tti unit="seconds">5</tti>-->
        </expiry>
        <listeners>
            <listener>
                <class>com.mj.jk.common.cache.TokenCacheListener</class>
                <!-- 异步回调 -->
                <event-firing-mode>ASYNCHRONOUS</event-firing-mode>
                <!-- 不用按顺序处理事件 -->
                <event-ordering-mode>UNORDERED</event-ordering-mode>
                <!-- 哪些操作会触发监听器：添加、过期、删除 -->
                <events-to-fire-on>CREATED</events-to-fire-on>
                <events-to-fire-on>EXPIRED</events-to-fire-on>
                <events-to-fire-on>REMOVED</events-to-fire-on>
            </listener>
        </listeners>
    </cache>

    <!-- 默认缓存：永不过期 -->
    <cache alias="default" uses-template="common">
        <expiry>
            <none/>
        </expiry>
    </cache>
</config>